Dispatching_base_num,Pickup_date,Affiliated_base_num,locationID
B02764,1/5/15 6:00,B02764,95
B02764,1/5/15 6:00,B02764,61
B02764,1/5/15 6:00,B02764,170
B02764,1/5/15 6:00,B02764,25
B02764,1/5/15 6:00,B02764,90
B02764,1/5/15 6:01,B00272,231
B02764,1/5/15 6:01,B02096,148
B02764,1/5/15 6:01,B02764,158
B02764,1/5/15 6:03,B02729,107
B02764,1/5/15 6:03,B02764,262
B02764,1/5/15 6:03,B02764,211
B02764,1/5/15 6:03,B02764,132
B02764,1/5/15 6:04,B02764,129
B02764,1/5/15 6:04,B02764,157
B02764,1/5/15 6:04,B00448,229
B02764,1/5/15 6:04,B02764,224
B02764,1/5/15 6:05,B02764,114
B02764,1/5/15 6:05,B02764,170
B02764,1/5/15 6:05,B02764,256
B02764,1/5/15 6:05,B02764,132
B02764,1/5/15 6:05,B02764,163
B02764,1/5/15 6:05,B02764,181
B02764,1/5/15 6:05,B02764,132
B02764,1/5/15 6:06,B02764,132
B02764,1/5/15 6:06,B02764,18
B02764,1/5/15 6:06,B02764,239
B02764,1/5/15 6:06,B00448,25
B02764,1/5/15 6:07,B02764,198
B02764,1/5/15 6:08,B02764,37
B02764,1/5/15 6:08,B02764,91
B02764,1/5/15 6:08,B02764,79
B02764,1/5/15 6:08,B02764,196
B02764,1/5/15 6:09,B00448,228
B02764,1/5/15 6:09,B02764,132
B02764,1/5/15 6:09,B02764,261
B02764,1/5/15 6:11,B02764,238
B02764,1/5/15 6:11,B02764,61
B02764,1/5/15 6:11,B00280,48
B02764,1/5/15 6:11,B02764,255
B02764,1/5/15 6:11,B02764,238
B02764,1/5/15 6:11,,87
B02764,1/5/15 6:12,B02453,193
B02764,1/5/15 6:12,B02764,186
B02764,1/5/15 6:12,B02764,90
B02764,1/5/15 6:12,B02764,89
B02764,1/5/15 6:12,B02764,113
B02764,1/5/15 6:12,B02764,238
B02764,1/5/15 6:13,B02764,132
B02764,1/5/15 6:13,B02764,224
B02764,1/5/15 6:13,B02764,42
B02764,1/5/15 6:13,B02764,237
B02764,1/5/15 6:14,B00448,113
B02764,1/5/15 6:14,B02764,91
B02764,1/5/15 6:14,,243
B02764,1/5/15 6:14,B02764,162
B02764,1/5/15 6:14,B02764,158
B02764,1/5/15 6:14,B02764,132
B02764,1/5/15 6:15,B00014,233
B02764,1/5/15 6:15,B02764,49
B02764,1/5/15 6:15,B02764,142
B02764,1/5/15 6:15,B02764,142
B02764,1/5/15 6:15,B02401,80
B02764,1/5/15 6:15,B02764,89
B02764,1/5/15 6:15,B02764,97
B02764,1/5/15 6:15,B02512,140
B02764,1/5/15 6:16,B01087,262
B02764,1/5/15 6:16,B02764,142
B02764,1/5/15 6:16,B02764,132
B02764,1/5/15 6:17,B02764,243
B02764,1/5/15 6:17,B02764,181
B02764,1/5/15 6:17,B02764,231
B02764,1/5/15 6:18,B02764,181
B02764,1/5/15 6:18,B02764,148
B02764,1/5/15 6:18,B02764,249
B02764,1/5/15 6:19,B02764,90
B02764,1/5/15 6:19,B02764,256
B02764,1/5/15 6:19,B02764,256
B02764,1/5/15 6:19,B02764,4
B02764,1/5/15 6:19,B02764,66
B02764,1/5/15 6:19,B02764,189
B02764,1/5/15 6:20,B02764,137
B02764,1/5/15 6:20,B02765,181
B02764,1/5/15 6:20,B02764,243
B02764,1/5/15 6:20,B02764,45
B02764,1/5/15 6:21,B02764,79
B02764,1/5/15 6:21,B02764,107
B02764,1/5/15 6:21,B02644,255
B02764,1/5/15 6:21,B02764,14
B02764,1/5/15 6:21,B02764,50
B02764,1/5/15 6:22,B02764,263
B02764,1/5/15 6:22,B02764,229
B02764,1/5/15 6:22,B02764,220
B02764,1/5/15 6:22,B02764,200
B02764,1/5/15 6:22,B02764,236
B02764,1/5/15 6:23,B00053,246
B02764,1/5/15 6:23,B00381,112
B02764,1/5/15 6:23,B02764,132
B02764,1/5/15 6:23,B02764,166
B02764,1/5/15 6:24,B02617,193
B02764,1/5/15 6:24,B02764,132
B02764,1/5/15 6:24,B01087,141
B02764,1/5/15 6:24,,112
B02764,1/5/15 6:24,B02764,158
B02764,1/5/15 6:25,B02764,181
B02764,1/5/15 6:25,B02764,151
B02764,1/5/15 6:25,B02764,237
B02764,1/5/15 6:26,B02764,37
B02764,1/5/15 6:26,,151
B02764,1/5/15 6:26,B00014,50
B02764,1/5/15 6:26,B02764,137
B02764,1/5/15 6:27,B02764,212
B02764,1/5/15 6:27,B02764,132
B02764,1/5/15 6:27,B02764,79
B02764,1/5/15 6:27,B02764,230
B02764,1/5/15 6:28,B02764,231
B02764,1/5/15 6:28,B00888,249
B02764,1/5/15 6:28,B02764,232
B02764,1/5/15 6:28,B01087,79
B02764,1/5/15 6:29,B02633,230
B02764,1/5/15 6:29,B02764,246
B02764,1/5/15 6:29,B02764,61
B02764,1/5/15 6:30,B02770,144
B02764,1/5/15 6:30,,4
B02764,1/5/15 6:30,B02764,92
B02764,1/5/15 6:30,B02764,132
B02764,1/5/15 6:30,B02764,197
B02764,1/5/15 6:30,B02764,132
B02764,1/5/15 6:31,B02715,141
B02764,1/5/15 6:31,B02764,113
B02764,1/5/15 6:31,B02764,262
B02764,1/5/15 6:31,B02764,225
B02764,1/5/15 6:32,B02651,71
B02764,1/5/15 6:32,,158
B02764,1/5/15 6:32,B02789,173
B02764,1/5/15 6:32,B02764,107
B02764,1/5/15 6:32,B02682,145
B02764,1/5/15 6:32,B02764,224
B02764,1/5/15 6:32,B02587,132
B02764,1/5/15 6:33,B02764,246
B02764,1/5/15 6:33,B02764,256
B02764,1/5/15 6:33,B02617,37
B02764,1/5/15 6:33,B02764,49
B02764,1/5/15 6:33,B02764,238
B02764,1/5/15 6:34,B02764,113
B02764,1/5/15 6:34,B02764,7
B02764,1/5/15 6:34,B02764,48
B02764,1/5/15 6:34,B02764,234
B02764,1/5/15 6:35,B01367,132
B02764,1/5/15 6:35,B02765,36
B02764,1/5/15 6:35,B02764,249
B02764,1/5/15 6:35,B02764,97
B02764,1/5/15 6:35,B01875,24
B02764,1/5/15 6:35,B02764,141
B02764,1/5/15 6:36,B02764,262
B02764,1/5/15 6:36,B02764,224
B02764,1/5/15 6:36,B02216,95
B02764,1/5/15 6:37,B02764,132
B02764,1/5/15 6:37,B02764,113
B02764,1/5/15 6:37,B02764,142
B02764,1/5/15 6:37,B02788,132
B02764,1/5/15 6:38,B02764,148
B02764,1/5/15 6:38,B02617,238
B02764,1/5/15 6:38,B02764,140
B02764,1/5/15 6:38,B02764,77
B02764,1/5/15 6:38,B02763,85
B02764,1/5/15 6:39,B02764,208
B02764,1/5/15 6:39,B02764,239
B02764,1/5/15 6:39,B02342,125
B02764,1/5/15 6:39,B02764,132
B02764,1/5/15 6:39,B01803,229
B02764,1/5/15 6:39,B02764,79
B02764,1/5/15 6:39,B01087,231
B02764,1/5/15 6:40,B02764,170
B02764,1/5/15 6:40,B02764,132
B02764,1/5/15 6:40,B02764,262
B02764,1/5/15 6:41,B02764,236
B02764,1/5/15 6:41,B02764,142
B02764,1/5/15 6:41,B02764,116
B02764,1/5/15 6:41,B02764,66
B02764,1/5/15 6:41,,79
B02764,1/5/15 6:41,B00280,220
B02764,1/5/15 6:42,B02764,7
B02764,1/5/15 6:42,B02764,239
B02764,1/5/15 6:42,B02764,90
B02764,1/5/15 6:42,B02764,224
B02764,1/5/15 6:42,B02429,143
B02764,1/5/15 6:43,B02764,141
B02764,1/5/15 6:43,,186
B02764,1/5/15 6:43,B02764,41
B02764,1/5/15 6:43,B00280,233
B02764,1/5/15 6:43,B02512,237
B02764,1/5/15 6:44,,168
B02764,1/5/15 6:44,B00296,162
B02764,1/5/15 6:44,B02764,7
B02764,1/5/15 6:44,B02764,226
B02764,1/5/15 6:44,B02764,236
B02764,1/5/15 6:44,B02764,257
B02764,1/5/15 6:45,B00448,132
B02764,1/5/15 6:45,B02617,236
B02764,1/5/15 6:45,B02764,249
B02764,1/5/15 6:45,B02764,255
B02764,1/5/15 6:45,B02764,66
B02764,1/5/15 6:45,B02764,42
B02764,1/5/15 6:46,B02764,247
B02764,1/5/15 6:46,,193
B02764,1/5/15 6:46,B02764,234
B02764,1/5/15 6:47,B00448,249
B02764,1/5/15 6:47,B02522,142
B02764,1/5/15 6:47,B02764,158
B02764,1/5/15 6:47,B02764,181
B02764,1/5/15 6:48,B02764,42
B02764,1/5/15 6:48,B01998,138
B02764,1/5/15 6:48,B00280,132
B02764,1/5/15 6:48,B02764,158
B02764,1/5/15 6:49,B02764,137
B02764,1/5/15 6:49,B02729,164
B02764,1/5/15 6:49,B02764,65
B02764,1/5/15 6:50,B02764,137
B02764,1/5/15 6:50,B02764,143
B02764,1/5/15 6:50,B02764,239
B02764,1/5/15 6:50,B02764,209
B02764,1/5/15 6:50,B02764,61
B02764,1/5/15 6:50,B02764,158
B02764,1/5/15 6:51,B02764,141
B02764,1/5/15 6:51,B02764,141
B02764,1/5/15 6:51,,192
B02764,1/5/15 6:52,B02764,231
B02764,1/5/15 6:52,B02765,181
B02764,1/5/15 6:52,B02764,255
B02764,1/5/15 6:52,B02764,234
B02764,1/5/15 6:52,B00888,140
B02764,1/5/15 6:52,B02764,263
B02764,1/5/15 6:52,B02774,137
B02764,1/5/15 6:52,B02764,239
B02764,1/5/15 6:53,B02764,223
B02764,1/5/15 6:53,B02764,229
B02764,1/5/15 6:53,B02764,141
B02764,1/5/15 6:53,B00053,148
B02764,1/5/15 6:53,B02764,132
B02764,1/5/15 6:53,B02764,233
B02764,1/5/15 6:53,B02764,79
B02764,1/5/15 6:53,B02764,68
B02764,1/5/15 6:53,B02764,68
B02764,1/5/15 6:53,B02764,90
B02764,1/5/15 6:54,B02764,263
B02764,1/5/15 6:54,B01998,179
B02764,1/5/15 6:54,B02764,74
B02764,1/5/15 6:54,B02764,121
B02764,1/5/15 6:54,,158
B02764,1/5/15 6:55,B02617,33
B02764,1/5/15 6:55,B02764,236
B02764,1/5/15 6:55,,231
B02764,1/5/15 6:55,B02764,80
B02764,1/5/15 6:55,B02216,74
B02764,1/5/15 6:56,B02764,25
B02764,1/5/15 6:56,B00271,85
B02764,1/5/15 6:56,B02822,90
B02764,1/5/15 6:57,B02764,132
B02764,1/5/15 6:57,B02769,114
B02764,1/5/15 6:57,B02764,225
B02764,1/5/15 6:58,B01087,33
B02764,1/5/15 6:58,B02764,231
B02764,1/5/15 6:58,B02764,158
B02764,1/5/15 6:58,B02764,255
B02764,1/5/15 6:58,B02764,231
B02764,1/5/15 6:59,B02764,95
B02764,1/5/15 6:59,B01877,158
B02764,1/5/15 6:59,B00227,132
B02764,1/5/15 6:59,B02764,143
B02764,1/5/15 6:59,B02764,141
B02764,1/5/15 6:59,B02608,140
B02764,1/5/15 6:59,B02764,239
B02764,1/5/15 6:59,B01087,4
B02764,1/5/15 6:59,B02764,127
B02764,1/5/15 6:59,B00271,141
B02764,1/5/15 6:59,B02764,159
B02764,1/5/15 7:00,B02764,40
B02764,1/5/15 7:00,B02764,37
B02764,1/5/15 7:00,B02764,37
B02764,1/5/15 7:00,B02764,4
B02764,1/5/15 7:00,B02764,13
B02764,1/5/15 7:00,B02764,236
B02764,1/5/15 7:00,B02764,158
B02764,1/5/15 7:00,B02764,137
B02764,1/5/15 7:01,B02682,263
B02764,1/5/15 7:01,B02764,141
B02764,1/5/15 7:01,B02764,49
B02764,1/5/15 7:01,B02764,137
B02764,1/5/15 7:02,B02749,151
B02764,1/5/15 7:02,B02764,231
B02764,1/5/15 7:02,B02764,148
B02764,1/5/15 7:02,B02764,222
B02764,1/5/15 7:03,B02764,13
B02764,1/5/15 7:03,B00296,33
B02764,1/5/15 7:03,B02764,230
B02764,1/5/15 7:04,B02764,263
B02764,1/5/15 7:04,B02764,246
B02764,1/5/15 7:05,B02764,230
B02764,1/5/15 7:05,B02764,230
B02764,1/5/15 7:05,B02764,13
B02764,1/5/15 7:05,B00013,211
B02764,1/5/15 7:05,B02764,161
B02764,1/5/15 7:05,B02764,231
B02764,1/5/15 7:05,B02764,230
B02764,1/5/15 7:06,B02764,192
B02764,1/5/15 7:06,,132
B02764,1/5/15 7:06,B02682,234
B02764,1/5/15 7:06,B02764,174
B02764,1/5/15 7:06,B02764,123
B02764,1/5/15 7:06,B02764,259
B02764,1/5/15 7:06,B02764,229
B02764,1/5/15 7:07,B02764,234
B02764,1/5/15 7:07,,40
B02764,1/5/15 7:07,B02682,33
B02764,1/5/15 7:08,B02764,216
B02764,1/5/15 7:08,B02765,144
B02764,1/5/15 7:08,B02764,263
B02764,1/5/15 7:08,B02764,232
B02764,1/5/15 7:09,B02764,196
B02764,1/5/15 7:09,B01875,231
B02764,1/5/15 7:09,,231
B02764,1/5/15 7:09,B01087,181
B02764,1/5/15 7:09,B02764,148
B02764,1/5/15 7:09,B02764,141
B02764,1/5/15 7:09,B02764,237
B02764,1/5/15 7:10,B02764,231
B02764,1/5/15 7:10,B02764,24
B02764,1/5/15 7:10,B02764,37
B02764,1/5/15 7:10,B02764,239
B02764,1/5/15 7:10,,114
B02764,1/5/15 7:11,B02651,72
B02764,1/5/15 7:11,B02764,49
B02764,1/5/15 7:11,B02764,263
B02764,1/5/15 7:11,B02764,238
B02764,1/5/15 7:11,B02617,209
B02764,1/5/15 7:11,B00448,137
B02764,1/5/15 7:11,B02764,42
B02764,1/5/15 7:11,B02764,41
B02764,1/5/15 7:12,B02764,137
B02764,1/5/15 7:12,B02764,37
B02764,1/5/15 7:12,B00448,186
B02764,1/5/15 7:12,B02764,79
B02764,1/5/15 7:12,B02764,79
B02764,1/5/15 7:13,B02764,50
B02764,1/5/15 7:13,B02764,262
B02764,1/5/15 7:13,B02764,142
B02764,1/5/15 7:13,B02764,158
B02764,1/5/15 7:13,B01087,66
B02764,1/5/15 7:13,B02764,185
B02764,1/5/15 7:13,B02764,186
B02764,1/5/15 7:14,B02764,61
B02764,1/5/15 7:14,B02822,231
B02764,1/5/15 7:14,B02764,107
B02764,1/5/15 7:14,B02764,246
B02764,1/5/15 7:14,B00628,141
B02764,1/5/15 7:14,B00628,148
B02764,1/5/15 7:14,B02453,211
B02764,1/5/15 7:14,B02764,211
B02764,1/5/15 7:15,B02764,40
B02764,1/5/15 7:15,B02764,226
B02764,1/5/15 7:15,B02764,141
B02764,1/5/15 7:15,B02764,141
B02764,1/5/15 7:15,B02598,170
B02764,1/5/15 7:15,B02764,61
B02764,1/5/15 7:15,B02764,80
B02764,1/5/15 7:15,B02764,181
B02764,1/5/15 7:15,B01949,47
B02764,1/5/15 7:16,B00013,197
B02764,1/5/15 7:16,B02764,113
B02764,1/5/15 7:16,B02729,238
B02764,1/5/15 7:16,B02651,133
B02764,1/5/15 7:16,B02588,234
B02764,1/5/15 7:16,B02764,50
B02764,1/5/15 7:17,B02774,45
B02764,1/5/15 7:17,B02764,211
B02764,1/5/15 7:17,B02764,239
B02764,1/5/15 7:17,B02764,145
B02764,1/5/15 7:17,B02764,238
B02764,1/5/15 7:18,B02764,234
B02764,1/5/15 7:18,B02764,246
B02764,1/5/15 7:18,,166
B02764,1/5/15 7:19,B02764,233
B02764,1/5/15 7:19,B02764,189
B02764,1/5/15 7:19,B02764,249
B02764,1/5/15 7:20,B02764,158
B02764,1/5/15 7:20,B02764,90
B02764,1/5/15 7:20,B02764,232
B02764,1/5/15 7:20,B02764,246
B02764,1/5/15 7:21,B01087,211
B02764,1/5/15 7:21,B02764,50
B02764,1/5/15 7:21,B00381,255
B02764,1/5/15 7:21,B02764,145
B02764,1/5/15 7:21,B00271,233
B02764,1/5/15 7:21,B00837,239
B02764,1/5/15 7:21,B02764,181
B02764,1/5/15 7:21,B02342,113
B02764,1/5/15 7:22,B02764,262
B02764,1/5/15 7:22,B02764,100
B02764,1/5/15 7:22,B02764,246
B02764,1/5/15 7:22,B02764,113
B02764,1/5/15 7:22,B02764,262
B02764,1/5/15 7:22,B02764,236
B02764,1/5/15 7:23,B02016,90
B02764,1/5/15 7:23,B02764,61
B02764,1/5/15 7:23,B02764,234
B02764,1/5/15 7:23,B02764,45
B02764,1/5/15 7:23,B02764,161
B02764,1/5/15 7:23,B02764,143
B02764,1/5/15 7:23,,148
B02764,1/5/15 7:23,B02764,97
B02764,1/5/15 7:23,B02512,237
B02764,1/5/15 7:23,B02729,42
B02764,1/5/15 7:24,B00254,162
B02764,1/5/15 7:24,B02764,90
B02764,1/5/15 7:24,B02764,14
B02764,1/5/15 7:24,B02764,249
B02764,1/5/15 7:24,B02588,255
B02764,1/5/15 7:24,B02764,127
B02764,1/5/15 7:25,B02617,114
B02764,1/5/15 7:25,B02764,229
B02764,1/5/15 7:25,B02764,262
B02764,1/5/15 7:25,B00277,220
B02764,1/5/15 7:25,,238
B02764,1/5/15 7:25,B02764,132
B02764,1/5/15 7:25,B02764,62
B02764,1/5/15 7:26,B02764,132
B02764,1/5/15 7:26,B02764,263
B02764,1/5/15 7:26,B02764,41
B02764,1/5/15 7:26,B01949,246
B02764,1/5/15 7:26,B02764,132
B02764,1/5/15 7:26,B02617,249
B02764,1/5/15 7:26,B02764,141
B02764,1/5/15 7:26,B02764,228
B02764,1/5/15 7:26,B02764,52
B02764,1/5/15 7:26,B01949,42
B02764,1/5/15 7:27,B02764,80
B02764,1/5/15 7:27,B02764,229
B02764,1/5/15 7:27,,97
B02764,1/5/15 7:27,B02764,123
B02764,1/5/15 7:27,B02765,4
B02764,1/5/15 7:27,B02764,238
B02764,1/5/15 7:27,B02507,151
B02764,1/5/15 7:27,B02764,79
B02764,1/5/15 7:27,B02764,255
B02764,1/5/15 7:28,B02764,185
B02764,1/5/15 7:28,B00272,132
B02764,1/5/15 7:28,B02764,141
B02764,1/5/15 7:28,B02764,142
B02764,1/5/15 7:28,B02764,40
B02764,1/5/15 7:29,B02764,186
B02764,1/5/15 7:29,B02764,234
B02764,1/5/15 7:29,B02764,224
B02764,1/5/15 7:29,B00280,17
B02764,1/5/15 7:29,B02764,148
B02764,1/5/15 7:29,B02764,234
B02764,1/5/15 7:29,B02764,141
B02764,1/5/15 7:29,B02764,236
B02764,1/5/15 7:29,B02764,132
B02764,1/5/15 7:30,B02764,50
B02764,1/5/15 7:30,B02764,17
B02764,1/5/15 7:30,B02764,209
B02764,1/5/15 7:30,B02764,132
B02764,1/5/15 7:30,B02764,189
B02764,1/5/15 7:31,B00013,107
B02764,1/5/15 7:31,B02764,234
B02764,1/5/15 7:31,B02764,238
B02764,1/5/15 7:31,B02764,16
B02764,1/5/15 7:31,,141
B02764,1/5/15 7:31,B02764,17
B02764,1/5/15 7:32,B02764,13
B02764,1/5/15 7:32,B02764,80
B02764,1/5/15 7:32,B02764,237
B02764,1/5/15 7:32,B02764,42
B02764,1/5/15 7:32,B02764,234
B02764,1/5/15 7:32,B02453,138
B02764,1/5/15 7:33,B02644,234
B02764,1/5/15 7:33,B02764,87
B02764,1/5/15 7:33,B02764,90
B02764,1/5/15 7:33,B02764,68
B02764,1/5/15 7:33,B02764,107
B02764,1/5/15 7:33,B00837,256
B02764,1/5/15 7:33,B02764,145
B02764,1/5/15 7:34,B02764,236
B02764,1/5/15 7:34,B02764,35
B02764,1/5/15 7:34,B02764,230
B02764,1/5/15 7:34,B01998,112
B02764,1/5/15 7:34,B02764,142
B02764,1/5/15 7:34,B02764,144
B02764,1/5/15 7:34,B02764,186
B02764,1/5/15 7:35,B02764,209
B02764,1/5/15 7:35,B02764,83
B02764,1/5/15 7:35,B01875,48
B02764,1/5/15 7:35,B02764,162
B02764,1/5/15 7:35,B02764,50
B02764,1/5/15 7:35,B02764,132
B02764,1/5/15 7:36,B02764,113
B02764,1/5/15 7:36,B02764,230
B02764,1/5/15 7:36,B02764,79
B02764,1/5/15 7:36,B02764,79
B02764,1/5/15 7:37,B02617,262
B02764,1/5/15 7:37,B00053,114
B02764,1/5/15 7:37,B02764,40
B02764,1/5/15 7:37,B02764,79
B02764,1/5/15 7:37,B02764,116
B02764,1/5/15 7:37,B02764,262
B02764,1/5/15 7:37,B00789,89
B02764,1/5/15 7:37,B02764,107
B02764,1/5/15 7:38,B02764,127
B02764,1/5/15 7:38,B00789,116
B02764,1/5/15 7:38,B02764,151
B02764,1/5/15 7:38,B02216,67
B02764,1/5/15 7:38,,249
B02764,1/5/15 7:38,B02764,236
B02764,1/5/15 7:39,B02764,42
B02764,1/5/15 7:39,B02764,36
B02764,1/5/15 7:39,B02764,74
B02764,1/5/15 7:39,B02764,49
B02764,1/5/15 7:39,B02764,90
B02764,1/5/15 7:39,B02598,50
B02764,1/5/15 7:39,B02764,181
B02764,1/5/15 7:39,B00628,7
B02764,1/5/15 7:39,B02764,143
B02764,1/5/15 7:40,B02764,166
B02764,1/5/15 7:40,B02764,137
B02764,1/5/15 7:40,B02764,246
B02764,1/5/15 7:40,B02764,239
B02764,1/5/15 7:40,B02764,255
B02764,1/5/15 7:40,B02609,263
B02764,1/5/15 7:40,B02764,225
B02764,1/5/15 7:40,B02764,255
B02764,1/5/15 7:41,B02764,90
B02764,1/5/15 7:41,B02764,261
B02764,1/5/15 7:41,B02764,237
B02764,1/5/15 7:41,B02764,138
B02764,1/5/15 7:41,B02764,133
B02764,1/5/15 7:41,B02764,133
B02764,1/5/15 7:41,B02682,223
B02764,1/5/15 7:41,B02764,186
B02764,1/5/15 7:41,B02764,29
B02764,1/5/15 7:41,B02764,238
B02764,1/5/15 7:42,B02764,236
B02764,1/5/15 7:42,B01779,170
B02764,1/5/15 7:42,B02764,49
B02764,1/5/15 7:42,B02764,107
B02764,1/5/15 7:43,B02764,229
B02764,1/5/15 7:43,,107
B02764,1/5/15 7:43,B00271,68
B02764,1/5/15 7:43,B02764,33
B02764,1/5/15 7:43,B02764,262
B02764,1/5/15 7:43,B02764,142
B02764,1/5/15 7:43,B02764,90
B02764,1/5/15 7:44,B00013,263
B02764,1/5/15 7:44,B02016,141
B02764,1/5/15 7:44,B02764,143
B02764,1/5/15 7:44,,36
B02764,1/5/15 7:44,B02764,238
B02764,1/5/15 7:44,B02764,263
B02764,1/5/15 7:45,B02764,113
B02764,1/5/15 7:45,B02764,162
B02764,1/5/15 7:45,B02764,211
B02764,1/5/15 7:45,B02764,158
B02764,1/5/15 7:45,B02764,263
B02764,1/5/15 7:45,B00446,137
B02764,1/5/15 7:45,B00446,137
B02764,1/5/15 7:46,B02764,68
B02764,1/5/15 7:46,B02764,106
B02764,1/5/15 7:46,B02764,249
B02764,1/5/15 7:46,B02764,249
B02764,1/5/15 7:46,B02764,127
B02764,1/5/15 7:46,B02022,238
B02764,1/5/15 7:46,B02764,249
B02764,1/5/15 7:46,B02764,249
B02764,1/5/15 7:46,B02345,141
B02764,1/5/15 7:46,B02764,69
B02764,1/5/15 7:47,B02764,158
B02764,1/5/15 7:47,B02764,137
B02764,1/5/15 7:47,,148
B02764,1/5/15 7:47,B01899,132
B02764,1/5/15 7:47,B02764,211
B02764,1/5/15 7:47,B02764,80
B02764,1/5/15 7:47,B02764,107
B02764,1/5/15 7:48,B02764,239
B02764,1/5/15 7:48,B02764,41
B02764,1/5/15 7:48,B00053,231
B02764,1/5/15 7:48,,68
B02764,1/5/15 7:48,B02764,68
B02764,1/5/15 7:48,B02764,189
B02764,1/5/15 7:48,B02764,170
B02764,1/5/15 7:48,B02609,141
B02764,1/5/15 7:48,B02764,43
B02764,1/5/15 7:49,B02764,246
B02764,1/5/15 7:49,B02764,95
B02764,1/5/15 7:49,B02764,140
B02764,1/5/15 7:49,B02764,40
B02764,1/5/15 7:49,B00013,37
B02764,1/5/15 7:49,B02207,256
B02764,1/5/15 7:49,B02764,13
B02764,1/5/15 7:49,B02764,50
B02764,1/5/15 7:49,B02774,68
B02764,1/5/15 7:49,B02764,217
B02764,1/5/15 7:49,B02764,236
B02764,1/5/15 7:49,B02764,213
B02764,1/5/15 7:50,B02764,163
B02764,1/5/15 7:50,B02764,13
B02764,1/5/15 7:50,B02764,181
B02764,1/5/15 7:50,B02764,141
B02764,1/5/15 7:50,B02598,54
B02764,1/5/15 7:50,B02764,144
B02764,1/5/15 7:50,B02764,48
B02764,1/5/15 7:50,B00280,141
B02764,1/5/15 7:50,B02764,229
B02764,1/5/15 7:50,B02764,236
B02764,1/5/15 7:50,B02764,4
B02764,1/5/15 7:51,B02764,189
B02764,1/5/15 7:51,B02764,68
B02764,1/5/15 7:51,B02764,92
B02764,1/5/15 7:51,B02764,68
B02764,1/5/15 7:51,B01367,256
B02764,1/5/15 7:51,B02764,158
B02764,1/5/15 7:51,B02764,142
B02764,1/5/15 7:52,B02764,42
B02764,1/5/15 7:52,B02764,113
B02764,1/5/15 7:52,B02764,261
B02764,1/5/15 7:52,B02764,17
B02764,1/5/15 7:52,B02764,229
B02764,1/5/15 7:52,B02429,239
B02764,1/5/15 7:52,B02764,229
B02764,1/5/15 7:52,B00013,238
B02764,1/5/15 7:52,B02644,233
B02764,1/5/15 7:52,B02764,25
B02764,1/5/15 7:52,B02764,13
B02764,1/5/15 7:53,B02764,76
B02764,1/5/15 7:53,B02789,236
B02764,1/5/15 7:53,B02764,239
B02764,1/5/15 7:53,B02764,155
B02764,1/5/15 7:53,B01087,62
B02764,1/5/15 7:53,B02764,158
B02764,1/5/15 7:53,B02764,170
B02764,1/5/15 7:53,B02764,145
B02764,1/5/15 7:54,B02764,75
B02764,1/5/15 7:54,B02764,249
B02764,1/5/15 7:54,B02764,170
B02764,1/5/15 7:54,B02764,238
B02764,1/5/15 7:54,B02729,138
B02764,1/5/15 7:54,B00272,237
B02764,1/5/15 7:54,B00448,237
B02764,1/5/15 7:54,B02764,48
B02764,1/5/15 7:55,B02764,239
B02764,1/5/15 7:55,B02764,113
B02764,1/5/15 7:55,B02764,255
B02764,1/5/15 7:55,B02764,148
B02764,1/5/15 7:55,B02764,37
B02764,1/5/15 7:55,B02764,141
B02764,1/5/15 7:55,B02764,132
B02764,1/5/15 7:56,B02764,255
B02764,1/5/15 7:56,B01998,132
B02764,1/5/15 7:56,B02764,261
B02764,1/5/15 7:56,B02764,239
B02764,1/5/15 7:56,B02764,256
B02764,1/5/15 7:56,B02764,36
B02764,1/5/15 7:57,B00013,220
B02764,1/5/15 7:57,B01877,164
B02764,1/5/15 7:57,B00448,181
B02764,1/5/15 7:57,B02764,231
B02764,1/5/15 7:57,B02682,223
B02764,1/5/15 7:57,B02764,170
B02764,1/5/15 7:57,B02764,68
B02764,1/5/15 7:58,B02764,141
B02764,1/5/15 7:58,B02764,91
B02764,1/5/15 7:58,B02723,234
B02764,1/5/15 7:58,B02764,238
B02764,1/5/15 7:58,B02764,232
B02764,1/5/15 7:58,B02764,179
B02764,1/5/15 7:58,B02764,262
B02764,1/5/15 7:59,B02764,233
B02764,1/5/15 7:59,B02764,142
B02764,1/5/15 7:59,B02764,137
B02764,1/5/15 7:59,B02764,83
B02764,1/5/15 7:59,B02764,231
B02764,1/5/15 7:59,B02764,79
B02764,1/5/15 7:59,,158
B02764,1/5/15 7:59,B02764,90
B02764,1/5/15 7:59,B02764,72
B02764,1/5/15 8:00,B02764,50
B02764,1/5/15 8:00,B02729,231
B02764,1/5/15 8:00,B02764,143
B02764,1/5/15 8:00,B02764,68
B02764,1/5/15 8:00,,100
B02764,1/5/15 8:00,B02764,132
B02764,1/5/15 8:01,B02764,237
B02764,1/5/15 8:01,B02764,4
B02764,1/5/15 8:01,B02764,75
B02764,1/5/15 8:01,B02764,132
B02764,1/5/15 8:01,B02651,54
B02764,1/5/15 8:01,B00381,107
B02764,1/5/15 8:01,,113
B02764,1/5/15 8:01,B02764,181
B02764,1/5/15 8:01,B02764,74
B02764,1/5/15 8:02,B02764,142
B02764,1/5/15 8:02,B02764,255
B02764,1/5/15 8:02,B02764,50
B02764,1/5/15 8:02,B00448,263
B02764,1/5/15 8:02,B00789,21
B02764,1/5/15 8:02,B02715,231
B02764,1/5/15 8:02,B02764,238
B02764,1/5/15 8:03,B02764,138
B02764,1/5/15 8:03,B02764,158
B02764,1/5/15 8:03,B02764,170
B02764,1/5/15 8:03,B02764,137
B02764,1/5/15 8:03,B02764,239
B02764,1/5/15 8:03,B02764,43
B02764,1/5/15 8:03,B02764,161
B02764,1/5/15 8:04,B02764,48
B02764,1/5/15 8:04,B02764,79
B02764,1/5/15 8:04,B02764,158
B02764,1/5/15 8:04,B02764,229
B02764,1/5/15 8:04,B02764,33
B02764,1/5/15 8:05,B00013,260
B02764,1/5/15 8:05,B02764,49
B02764,1/5/15 8:05,B02764,71
B02764,1/5/15 8:05,B02764,198
B02764,1/5/15 8:05,B02764,198
B02764,1/5/15 8:05,B02764,234
B02764,1/5/15 8:05,B00448,143
B02764,1/5/15 8:06,B01998,4
B02764,1/5/15 8:06,B00837,113
B02764,1/5/15 8:06,B02764,250
B02764,1/5/15 8:06,,246
B02764,1/5/15 8:07,B02729,223
B02764,1/5/15 8:07,,160
B02764,1/5/15 8:07,B02764,158
B02764,1/5/15 8:07,B02764,142
B02764,1/5/15 8:07,B02764,238
B02764,1/5/15 8:07,B02764,239
B02764,1/5/15 8:08,B00053,231
B02764,1/5/15 8:08,B00628,142
B02764,1/5/15 8:08,B02764,164
B02764,1/5/15 8:08,B02764,250
B02764,1/5/15 8:08,B02764,123
B02764,1/5/15 8:08,B02764,158
B02764,1/5/15 8:09,,52
B02764,1/5/15 8:09,B02764,97
B02764,1/5/15 8:09,B02729,181
B02764,1/5/15 8:09,B02764,256
B02764,1/5/15 8:09,B02764,233
B02764,1/5/15 8:09,B02764,137
B02764,1/5/15 8:09,B02764,141
B02764,1/5/15 8:09,B02764,232
B02764,1/5/15 8:09,B02764,239
B02764,1/5/15 8:09,B02764,158
B02764,1/5/15 8:09,B02764,48
B02764,1/5/15 8:10,B02764,43
B02764,1/5/15 8:10,B02764,246
B02764,1/5/15 8:10,,79
B02764,1/5/15 8:10,B02764,113
B02764,1/5/15 8:10,B00272,263
B02764,1/5/15 8:10,B02764,112
B02764,1/5/15 8:10,B02764,211
B02764,1/5/15 8:10,B02764,79
B02764,1/5/15 8:10,B00888,132
B02764,1/5/15 8:10,B00448,79
B02764,1/5/15 8:11,B02682,262
B02764,1/5/15 8:11,B02765,113
B02764,1/5/15 8:11,B02764,114
B02764,1/5/15 8:11,B02770,138
B02764,1/5/15 8:11,B02764,65
B02764,1/5/15 8:11,B02764,165
B02764,1/5/15 8:11,B02764,239
B02764,1/5/15 8:11,,127
B02764,1/5/15 8:11,B02764,143
B02764,1/5/15 8:11,B02764,48
B02764,1/5/15 8:11,B02764,263
B02764,1/5/15 8:12,B00628,178
B02764,1/5/15 8:12,B02764,141
B02764,1/5/15 8:12,B02764,87
B02764,1/5/15 8:12,B02764,140
B02764,1/5/15 8:12,B02764,262
B02764,1/5/15 8:12,B02764,158
B02764,1/5/15 8:12,B02617,50
B02764,1/5/15 8:13,B00053,138
B02764,1/5/15 8:13,B02764,181
B02764,1/5/15 8:13,,68
B02764,1/5/15 8:13,B02764,236
B02764,1/5/15 8:14,B02764,233
B02764,1/5/15 8:14,B02764,141
B02764,1/5/15 8:14,B02764,170
B02764,1/5/15 8:14,B00271,141
B02764,1/5/15 8:14,B02764,195
B02764,1/5/15 8:15,B02345,151
B02764,1/5/15 8:15,B02764,75
B02764,1/5/15 8:15,B02764,148
B02764,1/5/15 8:15,B02764,249
B02764,1/5/15 8:15,B02764,233
B02764,1/5/15 8:15,B02408,113
B02764,1/5/15 8:15,B02764,37
B02764,1/5/15 8:15,B02507,142
B02764,1/5/15 8:15,B02764,249
B02764,1/5/15 8:16,B02764,68
B02764,1/5/15 8:16,B02646,48
B02764,1/5/15 8:16,B02764,95
B02764,1/5/15 8:16,B02067,141
B02764,1/5/15 8:16,B02764,89
B02764,1/5/15 8:16,B02764,90
B02764,1/5/15 8:17,B02764,263
B02764,1/5/15 8:17,B02764,148
B02764,1/5/15 8:17,B02764,79
B02764,1/5/15 8:17,B02764,79
B02764,1/5/15 8:17,B01949,42
B02764,1/5/15 8:17,B02764,224
B02764,1/5/15 8:17,B02764,49
B02764,1/5/15 8:17,B02764,138
B02764,1/5/15 8:17,B02764,170
B02764,1/5/15 8:17,B02764,166
B02764,1/5/15 8:17,B02764,36
B02764,1/5/15 8:17,B02764,236
B02764,1/5/15 8:17,B02763,112
B02764,1/5/15 8:18,B02764,255
B02764,1/5/15 8:18,B02764,164
B02764,1/5/15 8:18,B02512,87
B02764,1/5/15 8:19,B02764,263
B02764,1/5/15 8:19,B02764,164
B02764,1/5/15 8:19,B02764,228
B02764,1/5/15 8:19,B02764,236
B02764,1/5/15 8:19,B02764,144
B02764,1/5/15 8:19,B02764,21
B02764,1/5/15 8:19,B02764,4
B02764,1/5/15 8:19,B02764,132
B02764,1/5/15 8:19,B02764,263
B02764,1/5/15 8:19,B02764,112
B02764,1/5/15 8:19,B02764,178
B02764,1/5/15 8:20,B00053,114
B02764,1/5/15 8:20,B02764,262
B02764,1/5/15 8:20,B02764,135
B02764,1/5/15 8:20,B02764,238
B02764,1/5/15 8:20,,158
B02764,1/5/15 8:20,B02764,225
B02764,1/5/15 8:20,B02764,130
B02764,1/5/15 8:20,B02598,107
B02764,1/5/15 8:21,,112
B02764,1/5/15 8:21,B02764,181
B02764,1/5/15 8:21,B02764,233
B02764,1/5/15 8:21,B01998,138
B02764,1/5/15 8:21,B02764,48
B02764,1/5/15 8:22,B02764,237
B02764,1/5/15 8:22,B00296,142
B02764,1/5/15 8:22,B02764,13
B02764,1/5/15 8:22,B02764,107
B02764,1/5/15 8:22,B02764,230
B02764,1/5/15 8:23,B02764,211
B02764,1/5/15 8:23,B02764,151
B02764,1/5/15 8:23,B02764,39
B02764,1/5/15 8:23,B02764,140
B02764,1/5/15 8:23,B00111,41
B02764,1/5/15 8:23,B00013,220
B02764,1/5/15 8:23,B02764,162
B02764,1/5/15 8:23,B02764,102
B02764,1/5/15 8:23,B02764,79
B02764,1/5/15 8:23,,61
B02764,1/5/15 8:23,B02764,137
B02764,1/5/15 8:23,B02764,231
B02764,1/5/15 8:23,B02410,50
B02764,1/5/15 8:24,B02764,246
B02764,1/5/15 8:24,B02764,48
B02764,1/5/15 8:24,B02764,48
B02764,1/5/15 8:24,B02764,239
B02764,1/5/15 8:24,B02764,248
B02764,1/5/15 8:24,B02764,234
B02764,1/5/15 8:24,B02533,141
B02764,1/5/15 8:24,B02764,170
B02764,1/5/15 8:24,B02764,170
B02764,1/5/15 8:24,B02764,231
B02764,1/5/15 8:24,B02764,166
B02764,1/5/15 8:24,B02764,83
B02764,1/5/15 8:24,B00083,170
B02764,1/5/15 8:24,B02764,68
B02764,1/5/15 8:25,B02764,145
B02764,1/5/15 8:25,B02764,151
B02764,1/5/15 8:25,B02764,238
B02764,1/5/15 8:25,B02764,158
B02764,1/5/15 8:25,B02764,98
B02764,1/5/15 8:25,B02764,238
B02764,1/5/15 8:25,B02764,137
B02764,1/5/15 8:25,B00083,87
B02764,1/5/15 8:25,B00628,142
B02764,1/5/15 8:25,B02764,25
B02764,1/5/15 8:26,B02764,262
B02764,1/5/15 8:26,B02764,166
B02764,1/5/15 8:26,B02764,48
B02764,1/5/15 8:26,B02160,65
B02764,1/5/15 8:26,B02764,249
B02764,1/5/15 8:26,B00446,138
B02764,1/5/15 8:26,B00789,123
B02764,1/5/15 8:26,B02764,236
B02764,1/5/15 8:26,B02764,216
B02764,1/5/15 8:26,B02764,13
B02764,1/5/15 8:27,B02507,237
B02764,1/5/15 8:27,,141
B02764,1/5/15 8:27,B02764,48
B02764,1/5/15 8:27,B02682,90
B02764,1/5/15 8:27,B02764,186
B02764,1/5/15 8:27,B02789,229
B02764,1/5/15 8:27,B02789,229
B02764,1/5/15 8:28,B02764,237
B02764,1/5/15 8:28,B02764,230
B02764,1/5/15 8:28,B02764,132
B02764,1/5/15 8:28,B02764,246
B02764,1/5/15 8:28,B02764,68
B02764,1/5/15 8:28,B02764,36
B02764,1/5/15 8:28,B02764,66
B02764,1/5/15 8:28,B02764,237
B02764,1/5/15 8:29,B02764,161
B02764,1/5/15 8:29,B02764,233
B02764,1/5/15 8:29,B02764,142
B02764,1/5/15 8:29,B02764,141
B02764,1/5/15 8:29,B02764,48
B02764,1/5/15 8:29,B02764,143
B02764,1/5/15 8:29,B02764,236
B02764,1/5/15 8:29,B02764,141
B02764,1/5/15 8:29,B02764,137
B02764,1/5/15 8:29,B02764,106
B02764,1/5/15 8:29,B02764,238
B02764,1/5/15 8:30,B00448,263
B02764,1/5/15 8:30,B02764,107
B02764,1/5/15 8:30,B02764,143
B02764,1/5/15 8:30,B02764,151
B02764,1/5/15 8:30,B02764,238
B02764,1/5/15 8:31,B02216,209
B02764,1/5/15 8:31,B02764,158
B02764,1/5/15 8:31,B02764,239
B02764,1/5/15 8:31,B02764,170
B02764,1/5/15 8:31,B02764,218
B02764,1/5/15 8:31,B02764,107
B02764,1/5/15 8:31,,181
B02764,1/5/15 8:31,B02764,11
B02764,1/5/15 8:32,B02715,233
B02764,1/5/15 8:32,B02216,236
B02764,1/5/15 8:32,B02764,231
B02764,1/5/15 8:32,B01197,143
B02764,1/5/15 8:33,B02764,239
B02764,1/5/15 8:33,B02764,202
B02764,1/5/15 8:33,B02764,142
B02764,1/5/15 8:33,B02764,179
B02764,1/5/15 8:34,B00608,142
B02764,1/5/15 8:34,B02617,263
B02764,1/5/15 8:34,B02764,239
B02764,1/5/15 8:34,B00628,246
B02764,1/5/15 8:34,B02764,263
B02764,1/5/15 8:34,B02764,211
B02764,1/5/15 8:34,B02764,68
B02764,1/5/15 8:34,B02764,143
B02764,1/5/15 8:34,B02764,132
B02764,1/5/15 8:34,B02764,144
B02764,1/5/15 8:34,,186
B02764,1/5/15 8:34,B02764,90
B02764,1/5/15 8:34,B00296,82
B02764,1/5/15 8:34,B02764,74
B02764,1/5/15 8:35,B01087,82
B02764,1/5/15 8:35,B02764,223
B02764,1/5/15 8:35,B02764,243
B02764,1/5/15 8:35,B00111,263
B02764,1/5/15 8:35,B02764,143
B02764,1/5/15 8:35,B02764,196
B02764,1/5/15 8:35,B02617,163
B02764,1/5/15 8:35,B02764,165
B02764,1/5/15 8:35,B00053,164
B02764,1/5/15 8:35,B02764,141
B02764,1/5/15 8:36,B02764,41
B02764,1/5/15 8:36,B02764,132
B02764,1/5/15 8:36,B02764,113
B02764,1/5/15 8:36,B02765,211
B02764,1/5/15 8:36,B02764,144
B02764,1/5/15 8:36,,4
B02764,1/5/15 8:36,B02764,237
B02764,1/5/15 8:36,B02770,80
B02764,1/5/15 8:36,B02764,141
B02764,1/5/15 8:37,B00272,231
B02764,1/5/15 8:37,B02764,140
B02764,1/5/15 8:37,B02764,246
B02764,1/5/15 8:37,B02764,137
B02764,1/5/15 8:37,B02453,236
B02764,1/5/15 8:37,B02764,132
B02764,1/5/15 8:38,B02764,50
B02764,1/5/15 8:38,B02764,246
B02764,1/5/15 8:38,B02764,181
B02764,1/5/15 8:38,B02764,169
B02764,1/5/15 8:38,B02764,138
B02764,1/5/15 8:38,B02764,90
B02764,1/5/15 8:38,B02764,48
B02764,1/5/15 8:39,,158
B02764,1/5/15 8:39,B02764,189
B02764,1/5/15 8:39,B02764,255
B02764,1/5/15 8:39,B02764,246
B02764,1/5/15 8:39,B02764,246
B02764,1/5/15 8:39,B02764,256
B02764,1/5/15 8:39,B02764,138
B02764,1/5/15 8:40,B02764,76
B02764,1/5/15 8:40,B02003,113
B02764,1/5/15 8:40,B02764,234
B02764,1/5/15 8:41,B02764,140
B02764,1/5/15 8:41,B02729,119
B02764,1/5/15 8:41,B02764,41
B02764,1/5/15 8:41,B02764,100
B02764,1/5/15 8:41,B01877,10
B02764,1/5/15 8:41,B02764,132
B02764,1/5/15 8:41,B02764,33
B02764,1/5/15 8:41,B02764,229
B02764,1/5/15 8:41,B00271,114
B02764,1/5/15 8:42,B02764,132
B02764,1/5/15 8:42,B02764,196
B02764,1/5/15 8:42,B02764,48
B02764,1/5/15 8:42,B01779,263
B02764,1/5/15 8:42,B02764,170
B02764,1/5/15 8:42,B02764,256
B02764,1/5/15 8:42,B02764,164
B02764,1/5/15 8:42,B02764,186
B02764,1/5/15 8:42,B02764,246
B02764,1/5/15 8:42,B00628,68
B02764,1/5/15 8:42,B02764,246
B02764,1/5/15 8:42,B02764,249
B02764,1/5/15 8:42,B01367,86
B02764,1/5/15 8:42,B00111,137
B02764,1/5/15 8:43,B02764,121
B02764,1/5/15 8:43,B02764,181
B02764,1/5/15 8:43,B02764,40
B02764,1/5/15 8:43,B02764,39
B02764,1/5/15 8:43,B02764,151
B02764,1/5/15 8:43,B00296,229
B02764,1/5/15 8:43,B02764,13
B02764,1/5/15 8:43,B02764,246
B02764,1/5/15 8:43,B02764,181
B02764,1/5/15 8:43,B02764,238
B02764,1/5/15 8:44,B02764,143
B02764,1/5/15 8:44,B02764,262
B02764,1/5/15 8:44,B02764,144
B02764,1/5/15 8:44,,113
B02764,1/5/15 8:44,B02764,90
B02764,1/5/15 8:44,B00272,262
B02764,1/5/15 8:44,B02764,242
B02764,1/5/15 8:45,B02764,186
B02764,1/5/15 8:45,B02764,238
B02764,1/5/15 8:45,B02764,79
B02764,1/5/15 8:45,B00013,262
B02764,1/5/15 8:45,B02764,87
B02764,1/5/15 8:45,B02764,142
B02764,1/5/15 8:45,B02764,90
B02764,1/5/15 8:45,B02764,151
B02764,1/5/15 8:46,B02764,148
B02764,1/5/15 8:46,B02764,163
B02764,1/5/15 8:46,B02764,61
B02764,1/5/15 8:46,B02764,50
B02764,1/5/15 8:46,B02512,132
B02764,1/5/15 8:46,B02216,244
B02764,1/5/15 8:46,,143
B02764,1/5/15 8:46,B02764,170
B02764,1/5/15 8:46,B02729,233
B02764,1/5/15 8:46,B00272,231
B02764,1/5/15 8:47,B02729,138
B02764,1/5/15 8:47,B02764,164
B02764,1/5/15 8:47,,170
B02764,1/5/15 8:47,B00448,236
B02764,1/5/15 8:47,B02207,189
B02764,1/5/15 8:47,B02789,7
B02764,1/5/15 8:47,B02608,137
B02764,1/5/15 8:47,B00111,141
B02764,1/5/15 8:48,B02764,257
B02764,1/5/15 8:48,B02764,151
B02764,1/5/15 8:48,B00448,158
B02764,1/5/15 8:48,B00448,79
B02764,1/5/15 8:48,B00227,138
B02764,1/5/15 8:48,B02764,249
B02764,1/5/15 8:48,B00014,238
B02764,1/5/15 8:48,,234
B02764,1/5/15 8:48,B02764,238
B02764,1/5/15 8:48,B02764,236
B02764,1/5/15 8:49,B02764,71
B02764,1/5/15 8:49,B02764,158
B02764,1/5/15 8:49,B02764,36
B02764,1/5/15 8:50,B02764,236
B02764,1/5/15 8:50,B02764,79
B02764,1/5/15 8:50,B02764,140
B02764,1/5/15 8:50,B02764,144
B02764,1/5/15 8:50,B02764,90
B02764,1/5/15 8:50,B02764,50
B02764,1/5/15 8:50,B02764,241
B02764,1/5/15 8:51,B01998,121
B02764,1/5/15 8:51,B02764,138
B02764,1/5/15 8:51,B02764,141
B02764,1/5/15 8:51,B02764,229
B02764,1/5/15 8:51,B00789,60
B02764,1/5/15 8:51,B02764,140
B02764,1/5/15 8:51,B02723,43
B02764,1/5/15 8:51,B02764,13
B02764,1/5/15 8:51,B02682,143
B02764,1/5/15 8:52,B02764,237
B02764,1/5/15 8:52,B02764,236
B02764,1/5/15 8:52,B02410,231
B02764,1/5/15 8:52,B02764,189
B02764,1/5/15 8:52,B02764,229
B02764,1/5/15 8:52,B02764,37
B02764,1/5/15 8:52,B02764,125
B02764,1/5/15 8:52,B02764,263
B02764,1/5/15 8:52,B00111,137
B02764,1/5/15 8:52,B02764,249
B02764,1/5/15 8:52,B02764,241
B02764,1/5/15 8:52,B02764,107
B02764,1/5/15 8:52,B01087,238
B02764,1/5/15 8:53,B02764,68
B02764,1/5/15 8:53,B02764,13
B02764,1/5/15 8:53,B02345,13
B02764,1/5/15 8:53,B02764,68
B02764,1/5/15 8:53,B02789,236
B02764,1/5/15 8:53,B02682,138
B02764,1/5/15 8:53,B00271,263
B02764,1/5/15 8:53,B00271,211
B02764,1/5/15 8:54,B02764,137
B02764,1/5/15 8:54,B02764,229
B02764,1/5/15 8:54,B02016,232
B02764,1/5/15 8:54,B02764,234
B02764,1/5/15 8:54,B02764,226
B02764,1/5/15 8:54,B00789,262
B02764,1/5/15 8:54,B02216,74
B02764,1/5/15 8:54,B02764,52
B02764,1/5/15 8:54,B02764,262
B02764,1/5/15 8:55,B02765,224
B02764,1/5/15 8:55,B02764,87
B02764,1/5/15 8:55,B02764,174
B02764,1/5/15 8:55,B02764,239
B02764,1/5/15 8:55,B00628,263
B02764,1/5/15 8:55,B02764,138
B02764,1/5/15 8:55,B02764,263
B02764,1/5/15 8:55,B02788,231
B02764,1/5/15 8:55,B02764,138
B02764,1/5/15 8:56,B02764,61
B02764,1/5/15 8:56,B02764,13
B02764,1/5/15 8:56,B02723,162
B02764,1/5/15 8:56,B02764,68
B02764,1/5/15 8:56,B02764,243
B02764,1/5/15 8:56,B02764,143
B02764,1/5/15 8:57,B02764,107
B02764,1/5/15 8:57,B02764,237
B02764,1/5/15 8:57,B02729,186
B02764,1/5/15 8:57,B02764,145
B02764,1/5/15 8:57,B02764,158
B02764,1/5/15 8:57,B00111,263
B02764,1/5/15 8:57,B00411,189
B02764,1/5/15 8:57,B02764,163
B02764,1/5/15 8:57,B02764,68
B02764,1/5/15 8:57,B02764,170
B02764,1/5/15 8:57,B02729,48
B02764,1/5/15 8:57,B02764,79
B02764,1/5/15 8:57,B02764,246
B02764,1/5/15 8:57,B00083,236
B02764,1/5/15 8:58,B02764,79
B02764,1/5/15 8:58,B02764,138
B02764,1/5/15 8:58,B02764,170
B02764,1/5/15 8:58,B02764,132
B02764,1/5/15 8:58,B02764,225
B02764,1/5/15 8:58,B02764,263
B02764,1/5/15 8:58,B02764,144
B02764,1/5/15 8:58,B02764,143
B02764,1/5/15 8:58,,162
B02764,1/5/15 8:59,B00271,113
B02764,1/5/15 8:59,B02764,79
B02764,1/5/15 8:59,B02764,138
B02764,1/5/15 8:59,B02764,61
B02764,1/5/15 8:59,B02764,151
B02764,1/5/15 9:00,B02764,50
B02764,1/5/15 9:00,B02764,225
B02764,1/5/15 9:00,,246
B02764,1/5/15 9:00,B02216,143
B02764,1/5/15 9:00,B02764,162
B02764,1/5/15 9:01,B02764,239
B02764,1/5/15 9:01,,256
B02764,1/5/15 9:01,B02764,237
B02764,1/5/15 9:01,B02764,236
B02764,1/5/15 9:01,B02764,50
B02764,1/5/15 9:01,B02764,140
B02764,1/5/15 9:01,B02764,170
B02764,1/5/15 9:02,B02764,236
B02764,1/5/15 9:02,B02764,142
B02764,1/5/15 9:02,B02764,211
B02764,1/5/15 9:02,B02764,79
B02764,1/5/15 9:02,B02764,79
B02764,1/5/15 9:02,B02285,54
B02764,1/5/15 9:02,B02764,107
B02764,1/5/15 9:02,B02764,107
B02764,1/5/15 9:02,B02764,138
B02764,1/5/15 9:02,B02764,13
B02764,1/5/15 9:02,B02764,246
B02764,1/5/15 9:02,B02408,230
B02764,1/5/15 9:02,B02764,236
B02764,1/5/15 9:03,B02764,233
B02764,1/5/15 9:03,B02764,231
B02764,1/5/15 9:03,B02764,238
B02764,1/5/15 9:03,B02764,229
B02764,1/5/15 9:03,B02764,211
B02764,1/5/15 9:04,B02765,140
B02764,1/5/15 9:04,B02587,236
B02764,1/5/15 9:04,B02651,54
B02764,1/5/15 9:04,B02764,141
B02764,1/5/15 9:04,B02598,79
B02764,1/5/15 9:04,B02764,263
B02764,1/5/15 9:04,B01949,262
B02764,1/5/15 9:04,B02764,236
B02764,1/5/15 9:04,B00448,143
B02764,1/5/15 9:04,B02774,236
B02764,1/5/15 9:04,B02764,186
B02764,1/5/15 9:04,B02764,211
B02764,1/5/15 9:04,B02764,114
B02764,1/5/15 9:05,,36
B02764,1/5/15 9:05,B00608,50
B02764,1/5/15 9:05,B02764,223
B02764,1/5/15 9:05,B02764,231
B02764,1/5/15 9:06,B02764,151
B02764,1/5/15 9:06,B00280,74
B02764,1/5/15 9:06,B02764,233
B02764,1/5/15 9:06,B00227,236
B02764,1/5/15 9:06,B02764,164
B02764,1/5/15 9:07,B02764,113
B02764,1/5/15 9:07,B02764,234
B02764,1/5/15 9:07,B02764,158
B02764,1/5/15 9:07,B02764,61
B02764,1/5/15 9:07,B02764,116
B02764,1/5/15 9:07,B02764,65
B02764,1/5/15 9:07,B00448,211
B02764,1/5/15 9:07,B00296,238
B02764,1/5/15 9:07,B00888,80
B02764,1/5/15 9:08,B02216,238
B02764,1/5/15 9:08,B02453,145
B02764,1/5/15 9:08,B02764,90
B02764,1/5/15 9:08,B02764,141
B02764,1/5/15 9:08,B02216,234
B02764,1/5/15 9:08,B02764,73
B02764,1/5/15 9:08,B02729,138
B02764,1/5/15 9:09,B02764,68
B02764,1/5/15 9:09,B02764,237
B02764,1/5/15 9:09,B02764,229
B02764,1/5/15 9:09,B01087,49
B02764,1/5/15 9:09,B02764,79
B02764,1/5/15 9:09,B02764,158
B02764,1/5/15 9:09,B02216,228
B02764,1/5/15 9:09,B02764,90
B02764,1/5/15 9:09,B02764,234
B02764,1/5/15 9:10,B02216,262
B02764,1/5/15 9:10,B02764,137
B02764,1/5/15 9:10,B02764,138
B02764,1/5/15 9:10,B02764,138
B02764,1/5/15 9:10,B02764,50
B02764,1/5/15 9:10,B02764,230
B02764,1/5/15 9:10,B00789,138
B02764,1/5/15 9:10,,48
B02764,1/5/15 9:11,B01087,133
B02764,1/5/15 9:11,B02764,68
B02764,1/5/15 9:11,B02763,229
B02764,1/5/15 9:11,B02764,170
B02764,1/5/15 9:11,B02764,107
B02764,1/5/15 9:11,B02764,236
B02764,1/5/15 9:12,B02764,4
B02764,1/5/15 9:12,B02764,114
B02764,1/5/15 9:12,,246
B02764,1/5/15 9:12,B02764,48
B02764,1/5/15 9:12,B00448,234
B02764,1/5/15 9:12,B02764,141
B02764,1/5/15 9:13,B02764,61
B02764,1/5/15 9:13,B02764,140
B02764,1/5/15 9:13,B02764,262
B02764,1/5/15 9:13,B02764,68
B02764,1/5/15 9:13,B00888,138
B02764,1/5/15 9:13,B02764,192
B02764,1/5/15 9:14,B00227,75
B02764,1/5/15 9:14,B02764,234
B02764,1/5/15 9:14,B02764,231
B02764,1/5/15 9:14,B02774,42
B02764,1/5/15 9:14,B02764,113
B02764,1/5/15 9:14,B02764,90
B02764,1/5/15 9:14,B02764,236
B02764,1/5/15 9:14,B02764,114
B02764,1/5/15 9:15,B02764,144
B02764,1/5/15 9:15,B02764,90
B02764,1/5/15 9:15,B00789,33
B02764,1/5/15 9:15,B02764,158
B02764,1/5/15 9:15,B02764,141
B02764,1/5/15 9:15,B01998,263
B02764,1/5/15 9:15,B02764,7
B02764,1/5/15 9:15,B02764,181
B02764,1/5/15 9:15,B02764,87
B02764,1/5/15 9:16,B02764,236
B02764,1/5/15 9:16,B02764,229
B02764,1/5/15 9:16,B02764,229
B02764,1/5/15 9:16,B02764,4
B02764,1/5/15 9:16,B02764,163
B02764,1/5/15 9:16,B02764,50
B02764,1/5/15 9:16,B02764,178
B02764,1/5/15 9:17,B02764,262
B02764,1/5/15 9:17,B02764,262
B02764,1/5/15 9:17,B02764,239
B02764,1/5/15 9:17,B02764,234
B02764,1/5/15 9:17,B02764,238
B02764,1/5/15 9:17,B02499,143
B02764,1/5/15 9:17,B02764,87
B02764,1/5/15 9:17,B02764,90
B02764,1/5/15 9:17,B00628,237
B02764,1/5/15 9:17,B02764,227
B02764,1/5/15 9:17,B02764,224
B02764,1/5/15 9:17,B02764,140
B02764,1/5/15 9:17,B02345,238
B02764,1/5/15 9:18,B02216,141
B02764,1/5/15 9:18,B00083,140
B02764,1/5/15 9:18,B02764,7
B02764,1/5/15 9:19,B02764,138
B02764,1/5/15 9:19,B02764,256
B02764,1/5/15 9:19,B00271,112
B02764,1/5/15 9:19,B00888,90
B02764,1/5/15 9:19,B02764,209
B02764,1/5/15 9:19,,90
B02764,1/5/15 9:20,B02764,158
B02764,1/5/15 9:20,B02764,224
B02764,1/5/15 9:20,B02764,163
B02764,1/5/15 9:20,B02764,234
B02764,1/5/15 9:20,B02764,66
B02764,1/5/15 9:20,B02764,79
B02764,1/5/15 9:20,B02764,234
B02764,1/5/15 9:20,B02587,170
B02764,1/5/15 9:20,B02453,138
B02764,1/5/15 9:21,B02764,140
B02764,1/5/15 9:21,B02764,162
B02764,1/5/15 9:21,B02764,90
B02764,1/5/15 9:21,B02764,211
B02764,1/5/15 9:21,B02764,236
B02764,1/5/15 9:21,B02764,151
B02764,1/5/15 9:21,B02764,237
B02764,1/5/15 9:21,B02764,148
B02764,1/5/15 9:21,B02588,232
B02764,1/5/15 9:22,B02764,113
B02764,1/5/15 9:22,B02764,211
B02764,1/5/15 9:22,B02764,112
B02764,1/5/15 9:22,B00628,233
B02764,1/5/15 9:23,B02764,182
B02764,1/5/15 9:23,B01998,237
B02764,1/5/15 9:23,B02764,90
B02764,1/5/15 9:23,B02101,68
B02764,1/5/15 9:23,B01998,80
B02764,1/5/15 9:23,B02764,237
B02764,1/5/15 9:23,B01998,196
B02764,1/5/15 9:23,B02764,90
B02764,1/5/15 9:23,B00789,138
B02764,1/5/15 9:24,B00411,138
B02764,1/5/15 9:24,B02764,255
B02764,1/5/15 9:24,B02764,236
B02764,1/5/15 9:24,B00111,138
B02764,1/5/15 9:24,B02764,263
B02764,1/5/15 9:24,B02764,188
B02764,1/5/15 9:24,B02003,234
B02764,1/5/15 9:24,B02764,234
B02764,1/5/15 9:25,B02764,262
B02764,1/5/15 9:25,B02770,19
B02764,1/5/15 9:25,B02764,52
B02764,1/5/15 9:25,B02764,234
B02764,1/5/15 9:25,B01998,4
B02764,1/5/15 9:25,B02764,262
B02764,1/5/15 9:25,B02764,228
B02764,1/5/15 9:26,,48
B02764,1/5/15 9:26,B02764,186
B02764,1/5/15 9:26,B02764,66
B02764,1/5/15 9:26,B02724,138
B02764,1/5/15 9:26,B02764,234
B02764,1/5/15 9:26,B02764,79
B02764,1/5/15 9:26,B00271,144
B02764,1/5/15 9:26,B00271,144
B02764,1/5/15 9:26,B02764,238
B02764,1/5/15 9:26,B02764,249
B02764,1/5/15 9:27,B02764,50
B02764,1/5/15 9:27,B02764,244
B02764,1/5/15 9:27,B00111,142
B02764,1/5/15 9:27,B02764,138
B02764,1/5/15 9:27,B02764,238
B02764,1/5/15 9:27,B01949,116
B02764,1/5/15 9:27,B02764,189
B02764,1/5/15 9:27,B00448,33
B02764,1/5/15 9:27,B02764,82
B02764,1/5/15 9:27,B00111,137
B02764,1/5/15 9:27,B02764,236
B02764,1/5/15 9:28,B02764,37
B02764,1/5/15 9:28,B02764,50
B02764,1/5/15 9:28,B02764,249
B02764,1/5/15 9:28,B02610,236
B02764,1/5/15 9:28,B02764,132
B02764,1/5/15 9:28,B02764,164
B02764,1/5/15 9:28,B02764,170
B02764,1/5/15 9:28,B00013,233
B02764,1/5/15 9:29,B02764,79
B02764,1/5/15 9:29,B02764,223
B02764,1/5/15 9:29,B02764,90
B02764,1/5/15 9:29,B02764,225
B02764,1/5/15 9:29,B02764,186
B02764,1/5/15 9:29,B02765,230
B02764,1/5/15 9:29,B02764,158
B02764,1/5/15 9:29,B00111,140
B02764,1/5/15 9:30,B02764,145
B02764,1/5/15 9:30,B02764,68
B02764,1/5/15 9:30,B02764,231
B02764,1/5/15 9:30,B02729,37
B02764,1/5/15 9:30,B02764,68
B02764,1/5/15 9:30,B02764,75
B02764,1/5/15 9:30,B01877,237
B02764,1/5/15 9:30,B02764,114
B02764,1/5/15 9:30,B02764,40
B02764,1/5/15 9:31,B02764,79
B02764,1/5/15 9:31,B02764,179
B02764,1/5/15 9:31,B02764,106
B02764,1/5/15 9:31,B02764,90
B02764,1/5/15 9:31,B02764,49
B02764,1/5/15 9:31,B02617,164
B02764,1/5/15 9:31,B02764,17
B02764,1/5/15 9:31,B02764,97
B02764,1/5/15 9:31,B02764,142
B02764,1/5/15 9:31,B02764,263
B02764,1/5/15 9:32,B00111,138
B02764,1/5/15 9:32,B02764,65
B02764,1/5/15 9:32,B02764,249
B02764,1/5/15 9:32,B02764,224
B02764,1/5/15 9:32,B02764,54
B02764,1/5/15 9:32,B02609,211
B02764,1/5/15 9:33,B02764,234
B02764,1/5/15 9:33,B02764,229
B02764,1/5/15 9:33,B02764,61
B02764,1/5/15 9:33,B00111,209
B02764,1/5/15 9:33,B02764,72
B02764,1/5/15 9:34,B02764,255
B02764,1/5/15 9:34,B02764,236
B02764,1/5/15 9:34,B02764,163
B02764,1/5/15 9:35,B02764,49
B02764,1/5/15 9:35,B02765,144
B02764,1/5/15 9:35,B02764,231
B02764,1/5/15 9:35,B02764,224
B02764,1/5/15 9:35,B02764,249
B02764,1/5/15 9:36,B02764,100
B02764,1/5/15 9:36,B02764,143
B02764,1/5/15 9:36,B02764,90
B02764,1/5/15 9:36,B02764,61
B02764,1/5/15 9:36,B02764,21
B02764,1/5/15 9:36,,33
B02764,1/5/15 9:36,B02764,158
B02764,1/5/15 9:37,B02764,107
B02764,1/5/15 9:37,B02617,262
B02764,1/5/15 9:38,B02764,68
B02764,1/5/15 9:38,B00014,149
B02764,1/5/15 9:38,B02764,211
B02764,1/5/15 9:38,B02764,211
B02764,1/5/15 9:38,B02764,79
B02764,1/5/15 9:38,B02764,61
B02764,1/5/15 9:38,B02764,233
B02764,1/5/15 9:38,B02764,79
B02764,1/5/15 9:38,B02764,138
B02764,1/5/15 9:39,B02764,229
B02764,1/5/15 9:39,B02408,158
B02764,1/5/15 9:39,B02764,141
B02764,1/5/15 9:39,B02764,85
B02764,1/5/15 9:39,B02764,75
B02764,1/5/15 9:39,B02764,142
B02764,1/5/15 9:39,B02764,74
B02764,1/5/15 9:39,,236
B02764,1/5/15 9:39,B02764,112
B02764,1/5/15 9:39,B02764,233
B02764,1/5/15 9:39,B02764,123
B02764,1/5/15 9:40,B02764,138
B02764,1/5/15 9:40,B02764,141
B02764,1/5/15 9:40,B02764,80
B02764,1/5/15 9:40,B02764,234
B02764,1/5/15 9:40,B02764,100
B02764,1/5/15 9:40,B02764,137
B02764,1/5/15 9:41,B02764,231
B02764,1/5/15 9:41,B02764,7
B02764,1/5/15 9:41,B02764,143
B02764,1/5/15 9:41,B02764,90
B02764,1/5/15 9:41,B02764,231
B02764,1/5/15 9:41,,238
B02764,1/5/15 9:41,B02764,140
B02764,1/5/15 9:41,B02788,92
B02764,1/5/15 9:42,B00272,263
B02764,1/5/15 9:42,B02764,230
B02764,1/5/15 9:42,B02764,170
B02764,1/5/15 9:42,B02764,239
B02764,1/5/15 9:42,B02764,229
B02764,1/5/15 9:42,B02764,141
B02764,1/5/15 9:42,B02764,231
B02764,1/5/15 9:43,B02764,26
B02764,1/5/15 9:43,B01949,220
B02764,1/5/15 9:43,B02765,158
B02764,1/5/15 9:43,B02682,231
B02764,1/5/15 9:43,B00448,239
B02764,1/5/15 9:43,B02774,137
B02764,1/5/15 9:44,B02764,256
B02764,1/5/15 9:44,B02764,255
B02764,1/5/15 9:44,B02764,170
B02764,1/5/15 9:44,B01087,239
B02764,1/5/15 9:44,B02764,234
B02764,1/5/15 9:44,B02345,56
B02764,1/5/15 9:45,B02764,138
B02764,1/5/15 9:45,B02788,79
B02764,1/5/15 9:45,B02764,107
B02764,1/5/15 9:45,B02764,223
B02764,1/5/15 9:45,B02764,138
B02764,1/5/15 9:46,B02764,36
B02764,1/5/15 9:46,B02764,170
B02764,1/5/15 9:46,B02764,228
B02764,1/5/15 9:46,B00083,231
B02764,1/5/15 9:46,B00083,87
B02764,1/5/15 9:46,B02764,7
B02764,1/5/15 9:46,B02682,7
B02764,1/5/15 9:47,B02764,138
B02764,1/5/15 9:47,B02764,237
B02764,1/5/15 9:47,B02764,48
B02764,1/5/15 9:47,B02588,224
B02764,1/5/15 9:47,B01998,33
B02764,1/5/15 9:47,B00227,33
B02764,1/5/15 9:47,B02764,234
B02764,1/5/15 9:47,B02764,234
B02764,1/5/15 9:48,B02764,249
B02764,1/5/15 9:48,B02764,236
B02764,1/5/15 9:48,B02764,237
B02764,1/5/15 9:48,B02216,209
B02764,1/5/15 9:48,B02764,90
B02764,1/5/15 9:48,B02764,231
B02764,1/5/15 9:48,B00448,50
B02764,1/5/15 9:48,B02774,41
B02764,1/5/15 9:49,B02764,164
B02764,1/5/15 9:49,B02764,107
B02764,1/5/15 9:49,B02764,25
B02764,1/5/15 9:49,B02764,230
B02764,1/5/15 9:50,B02609,87
B02764,1/5/15 9:50,B02764,100
B02764,1/5/15 9:50,B02003,158
B02764,1/5/15 9:50,B02216,225
B02764,1/5/15 9:50,B00628,232
B02764,1/5/15 9:51,B02764,246
B02764,1/5/15 9:51,B02764,256
B02764,1/5/15 9:51,,114
B02764,1/5/15 9:52,B02764,141
B02764,1/5/15 9:52,B02764,231
B02764,1/5/15 9:52,B02764,255
B02764,1/5/15 9:52,B02764,113
B02764,1/5/15 9:52,B02764,50
B02764,1/5/15 9:52,B02764,76
B02764,1/5/15 9:52,B02617,41
B02764,1/5/15 9:52,B02764,62
B02764,1/5/15 9:52,B00628,230
B02764,1/5/15 9:53,B02764,141
B02764,1/5/15 9:53,B02764,186
B02764,1/5/15 9:53,,239
B02764,1/5/15 9:54,B02764,255
B02764,1/5/15 9:54,B02764,256
B02764,1/5/15 9:54,B02764,249
B02764,1/5/15 9:54,B00448,90
B02764,1/5/15 9:54,B00448,143
B02764,1/5/15 9:54,B02764,79
B02764,1/5/15 9:54,B02764,124
B02764,1/5/15 9:55,B02764,140
B02764,1/5/15 9:55,B02764,237
B02764,1/5/15 9:55,B00446,237
B02764,1/5/15 9:55,B02764,161
B02764,1/5/15 9:55,B02764,239
B02764,1/5/15 9:55,B02764,138
B02764,1/5/15 9:56,B02764,17
B02764,1/5/15 9:56,B02715,138
B02764,1/5/15 9:56,B02764,234
B02764,1/5/15 9:56,B02764,158
B02764,1/5/15 9:56,B02617,233
B02764,1/5/15 9:56,B02764,249
B02764,1/5/15 9:56,B02764,140
B02764,1/5/15 9:56,B02764,229
B02764,1/5/15 9:57,B02764,132
B02764,1/5/15 9:57,B02764,50
B02764,1/5/15 9:57,B02764,140
B02764,1/5/15 9:57,B00789,232
B02764,1/5/15 9:58,B02764,74
B02764,1/5/15 9:58,B02764,238
B02764,1/5/15 9:58,B02764,237
B02764,1/5/15 9:58,B02492,14
B02764,1/5/15 9:58,B02764,132
B02764,1/5/15 9:58,,146
B02764,1/5/15 9:58,B02764,50
B02764,1/5/15 9:59,B02764,107
B02764,1/5/15 9:59,B02764,48
B02764,1/5/15 10:00,B02764,52
B02764,1/5/15 10:00,,76
B02764,1/5/15 10:00,,170
B02764,1/5/15 10:00,B00227,50
B02764,1/5/15 10:00,B00227,90
B02764,1/5/15 10:00,B02617,138
B02764,1/5/15 10:01,B02764,163
B02764,1/5/15 10:01,B02764,162
B02764,1/5/15 10:01,B02764,140
B02764,1/5/15 10:01,B02764,246
B02764,1/5/15 10:02,B02764,143
B02764,1/5/15 10:02,B02764,36
B02764,1/5/15 10:02,B02764,186
B02764,1/5/15 10:02,B02764,234
B02764,1/5/15 10:02,B02764,249
B02764,1/5/15 10:02,B02022,181
B02764,1/5/15 10:02,B02764,143
B02764,1/5/15 10:02,B01087,54
B02764,1/5/15 10:03,B02764,63
B02764,1/5/15 10:03,B02764,123
B02764,1/5/15 10:03,B02815,41
B02764,1/5/15 10:03,B00477,117
B02764,1/5/15 10:04,B02764,236
B02764,1/5/15 10:04,B02764,239
B02764,1/5/15 10:04,B02764,162
B02764,1/5/15 10:04,B01087,68
B02764,1/5/15 10:04,B02764,234
B02764,1/5/15 10:04,B02764,236
B02764,1/5/15 10:04,B02764,97
B02764,1/5/15 10:04,B02764,17
B02764,1/5/15 10:04,B02764,67
B02764,1/5/15 10:04,B02764,239
B02764,1/5/15 10:05,B02764,138
B02764,1/5/15 10:05,B02764,244
B02764,1/5/15 10:05,B02160,262
B02764,1/5/15 10:05,,138
B02764,1/5/15 10:06,B02764,141
B02764,1/5/15 10:06,B02764,262
B02764,1/5/15 10:06,B00013,33
B02764,1/5/15 10:06,B02764,229
B02764,1/5/15 10:06,,113
B02764,1/5/15 10:06,B02764,226
B02764,1/5/15 10:06,B02764,256
B02764,1/5/15 10:06,B02617,230
B02764,1/5/15 10:07,B01087,140
B02764,1/5/15 10:07,B02764,164
B02764,1/5/15 10:07,B02764,107
B02764,1/5/15 10:07,B02764,152
B02764,1/5/15 10:08,B02764,150
B02764,1/5/15 10:08,B02764,90
B02764,1/5/15 10:09,B02003,21
B02764,1/5/15 10:09,B02764,163
B02764,1/5/15 10:09,B02764,234
B02764,1/5/15 10:09,B02764,68
B02764,1/5/15 10:10,B02764,91
B02764,1/5/15 10:10,B00053,229
B02764,1/5/15 10:10,B02764,197
B02764,1/5/15 10:10,B02764,263
B02764,1/5/15 10:10,B02764,75
B02764,1/5/15 10:11,B02770,9
B02764,1/5/15 10:11,B02729,138
B02764,1/5/15 10:11,B00272,157
B02764,1/5/15 10:11,B02764,89
B02764,1/5/15 10:12,B02764,13
B02764,1/5/15 10:12,B02764,132
B02764,1/5/15 10:12,B02764,132
B02764,1/5/15 10:12,B02764,237
B02764,1/5/15 10:13,B02764,237
B02764,1/5/15 10:13,B02764,26
B02764,1/5/15 10:13,B02764,225
B02764,1/5/15 10:13,B02253,48
B02764,1/5/15 10:13,B02764,107
B02764,1/5/15 10:14,,141
B02764,1/5/15 10:14,B02764,141
B02764,1/5/15 10:14,B02764,152
B02764,1/5/15 10:14,B02764,107
B02764,1/5/15 10:14,B02764,255
B02764,1/5/15 10:14,B02764,239
B02764,1/5/15 10:14,B00111,132
B02764,1/5/15 10:14,,138
B02764,1/5/15 10:15,B02764,164
B02764,1/5/15 10:15,B02764,25
B02764,1/5/15 10:15,B02764,25
B02764,1/5/15 10:15,B02764,132
B02764,1/5/15 10:15,B02133,52
B02764,1/5/15 10:16,B02764,228
B02764,1/5/15 10:16,B02764,239
B02764,1/5/15 10:16,B02764,231
B02764,1/5/15 10:16,B02202,71
B02764,1/5/15 10:16,B00272,140
B02764,1/5/15 10:16,B02764,170
B02764,1/5/15 10:16,B02764,246
B02764,1/5/15 10:17,B02764,141
B02764,1/5/15 10:17,B02764,145
B02764,1/5/15 10:17,B00083,246
B02764,1/5/15 10:17,B02764,49
B02764,1/5/15 10:17,B02764,61
B02764,1/5/15 10:17,B02764,255
B02764,1/5/15 10:17,B02764,262
B02764,1/5/15 10:17,B00013,138
B02764,1/5/15 10:17,B00448,52
B02764,1/5/15 10:18,B00448,144
B02764,1/5/15 10:18,B02764,236
B02764,1/5/15 10:18,,249
B02764,1/5/15 10:18,B02764,49
B02764,1/5/15 10:18,B02764,262
B02764,1/5/15 10:19,B02715,142
B02764,1/5/15 10:19,B00272,231
B02764,1/5/15 10:19,B02764,113
B02764,1/5/15 10:19,B02764,100
B02764,1/5/15 10:19,B02764,144
B02764,1/5/15 10:19,B02764,125
B02764,1/5/15 10:20,B02764,79
B02764,1/5/15 10:20,B02764,231
B02764,1/5/15 10:20,B02764,231
B02764,1/5/15 10:20,B02764,80
B02764,1/5/15 10:20,B02764,236
B02764,1/5/15 10:20,B02764,143
B02764,1/5/15 10:21,B02764,48
B02764,1/5/15 10:21,B02764,164
B02764,1/5/15 10:21,B02764,79
B02764,1/5/15 10:22,B02764,112
B02764,1/5/15 10:22,,4
B02764,1/5/15 10:22,B02764,74
B02764,1/5/15 10:22,B02764,170
B02764,1/5/15 10:22,,107
B02764,1/5/15 10:22,B02764,41
B02764,1/5/15 10:23,B00381,138
B02764,1/5/15 10:23,B02764,230
B02764,1/5/15 10:23,B02764,79
B02764,1/5/15 10:23,B02764,165
B02764,1/5/15 10:23,B00277,13
B02764,1/5/15 10:23,B02764,181
B02764,1/5/15 10:24,B02609,75
B02764,1/5/15 10:24,B02764,234
B02764,1/5/15 10:25,B00412,45
B02764,1/5/15 10:25,B02764,231
B02764,1/5/15 10:26,B02764,7
B02764,1/5/15 10:26,B01087,236
B02764,1/5/15 10:26,B02764,181
B02764,1/5/15 10:26,B02764,37
B02764,1/5/15 10:26,B00789,230
B02764,1/5/15 10:26,B00789,236
B02764,1/5/15 10:27,B02764,132
B02764,1/5/15 10:27,B02764,14
B02764,1/5/15 10:27,B02764,141
B02764,1/5/15 10:27,B02764,140
B02764,1/5/15 10:27,B02764,132
B02764,1/5/15 10:27,B00280,164
B02764,1/5/15 10:28,B02729,151
B02764,1/5/15 10:28,B02764,24
B02764,1/5/15 10:28,B02764,138
B02764,1/5/15 10:28,B02764,211
B02764,1/5/15 10:29,B02764,181
B02764,1/5/15 10:29,B02764,25
B02764,1/5/15 10:29,B02764,138
B02764,1/5/15 10:29,B02022,33
B02764,1/5/15 10:29,B00272,234
B02764,1/5/15 10:29,B00280,164
B02764,1/5/15 10:30,B02764,40
B02764,1/5/15 10:30,B02764,239
B02764,1/5/15 10:30,B02764,164
B02764,1/5/15 10:30,B00227,50
B02764,1/5/15 10:30,B00111,224
B02764,1/5/15 10:30,B02764,170
B02764,1/5/15 10:30,B02764,237
B02764,1/5/15 10:31,B02764,79
B02764,1/5/15 10:31,B02764,225
B02764,1/5/15 10:31,B01087,138
B02764,1/5/15 10:31,B02764,236
B02764,1/5/15 10:31,B02764,170
B02764,1/5/15 10:31,B02764,239
B02764,1/5/15 10:32,B01998,164
B02764,1/5/15 10:32,B00053,141
B02764,1/5/15 10:32,B02764,49
B02764,1/5/15 10:32,B02764,79
B02764,1/5/15 10:32,,37
B02764,1/5/15 10:33,B02764,168
B02764,1/5/15 10:33,B02764,91
B02764,1/5/15 10:33,B02016,231
B02764,1/5/15 10:33,B00789,170
B02764,1/5/15 10:33,B02764,236
B02764,1/5/15 10:33,B02764,129
B02764,1/5/15 10:33,B02764,249
B02764,1/5/15 10:33,B02764,231
B02764,1/5/15 10:33,B02764,161
B02764,1/5/15 10:33,B02764,137
B02764,1/5/15 10:34,B02764,148
B02764,1/5/15 10:34,B02764,186
B02764,1/5/15 10:34,,48
B02764,1/5/15 10:34,B02764,168
B02764,1/5/15 10:34,,121
B02764,1/5/15 10:34,B02764,112
B02764,1/5/15 10:35,B02764,22
B02764,1/5/15 10:35,B02764,244
B02764,1/5/15 10:35,B02764,143
B02764,1/5/15 10:35,B02788,198
B02764,1/5/15 10:35,B02764,258
B02764,1/5/15 10:35,B02764,142
B02764,1/5/15 10:36,B00446,138
B02764,1/5/15 10:36,B02764,239
B02764,1/5/15 10:36,B02764,144
B02764,1/5/15 10:36,B02764,87
B02764,1/5/15 10:36,B02617,233
B02764,1/5/15 10:36,B02764,137
B02764,1/5/15 10:36,B00448,163
B02764,1/5/15 10:37,B00789,49
B02764,1/5/15 10:37,B02764,230
B02764,1/5/15 10:37,B01998,125
B02764,1/5/15 10:37,B02764,17
B02764,1/5/15 10:38,B02764,198
B02764,1/5/15 10:38,B02764,65
B02764,1/5/15 10:40,B02764,36
B02764,1/5/15 10:41,B00789,10
B02764,1/5/15 10:41,,211
B02764,1/5/15 10:41,B02764,234
B02764,1/5/15 10:41,B02764,79
B02764,1/5/15 10:41,B01087,89
B02764,1/5/15 10:41,B02764,143
B02764,1/5/15 10:41,,87
B02764,1/5/15 10:41,B00280,234
B02764,1/5/15 10:41,B02764,112
B02764,1/5/15 10:42,B02764,36
B02764,1/5/15 10:42,B02764,237
B02764,1/5/15 10:42,,263
B02764,1/5/15 10:43,B02764,97
B02764,1/5/15 10:43,B02764,231
B02764,1/5/15 10:43,B02764,238
B02764,1/5/15 10:43,B02764,236
B02764,1/5/15 10:43,B02814,25
B02764,1/5/15 10:43,B02764,233
B02764,1/5/15 10:43,B02764,144
B02764,1/5/15 10:43,B02764,129
B02764,1/5/15 10:44,B02764,161
B02764,1/5/15 10:44,B02764,223
B02764,1/5/15 10:44,B02764,141
B02764,1/5/15 10:44,B02202,76
B02764,1/5/15 10:44,B00888,138
B02764,1/5/15 10:44,B02764,142
B02764,1/5/15 10:45,B02764,80
B02764,1/5/15 10:45,B02764,163
B02764,1/5/15 10:45,B02715,138
B02764,1/5/15 10:45,B02764,138
B02764,1/5/15 10:46,B02533,231
B02764,1/5/15 10:46,B00628,129
B02764,1/5/15 10:46,B02764,68
B02764,1/5/15 10:46,,140
B02764,1/5/15 10:47,B02764,50
B02764,1/5/15 10:47,B01779,113
B02764,1/5/15 10:47,B02764,74
B02764,1/5/15 10:47,B02764,162
B02764,1/5/15 10:47,B02022,97
B02764,1/5/15 10:47,B02764,188
B02764,1/5/15 10:47,B02765,97
B02764,1/5/15 10:47,B00014,237
B02764,1/5/15 10:48,B02764,158
B02764,1/5/15 10:48,B02764,39
B02764,1/5/15 10:48,B02764,41
B02764,1/5/15 10:48,B02764,137
B02764,1/5/15 10:49,B02788,80
B02764,1/5/15 10:49,B02764,181
B02764,1/5/15 10:49,B02764,140
B02764,1/5/15 10:50,B02764,19
B02764,1/5/15 10:51,B02729,161
B02764,1/5/15 10:51,B02764,181
B02764,1/5/15 10:52,B01998,230
B02764,1/5/15 10:52,B02764,112
B02764,1/5/15 10:52,B00628,237
B02764,1/5/15 10:53,B02764,232
B02764,1/5/15 10:53,B02764,80
B02764,1/5/15 10:53,B02764,162
B02764,1/5/15 10:53,B02764,236
B02764,1/5/15 10:53,B01998,237
B02764,1/5/15 10:54,B02764,65
B02764,1/5/15 10:54,B02764,231
B02764,1/5/15 10:54,B02764,243
B02764,1/5/15 10:54,B02764,140
B02764,1/5/15 10:54,B02764,186
B02764,1/5/15 10:54,B02764,132
B02764,1/5/15 10:55,B02764,41
B02764,1/5/15 10:55,B02788,233
B02764,1/5/15 10:55,B02764,181
B02764,1/5/15 10:55,B02764,107
B02764,1/5/15 10:55,B02764,98
B02764,1/5/15 10:55,,186
B02764,1/5/15 10:56,B02764,76
B02764,1/5/15 10:56,B02764,232
B02764,1/5/15 10:56,B02764,262
B02764,1/5/15 10:56,B02764,138
B02764,1/5/15 10:56,B02764,79
B02764,1/5/15 10:56,B02764,238
B02764,1/5/15 10:56,B02764,67
B02764,1/5/15 10:57,B02764,130
B02764,1/5/15 10:57,B02764,236
B02764,1/5/15 10:57,B02764,17
B02764,1/5/15 10:57,B01087,236
B02764,1/5/15 10:57,B02764,236
B02764,1/5/15 10:57,B02764,256
B02764,1/5/15 10:57,B00277,132
B02764,1/5/15 10:57,B02764,79
B02764,1/5/15 10:58,B02764,70
B02764,1/5/15 10:58,B00014,90
B02764,1/5/15 10:58,,113
B02764,1/5/15 10:58,B02764,237
B02764,1/5/15 10:58,B02764,132
B02764,1/5/15 10:58,B02764,34
B02764,1/5/15 10:58,B02764,231
B02764,1/5/15 10:58,B00111,239
B02764,1/5/15 10:59,B02764,230
B02764,1/5/15 10:59,B02067,25
B02764,1/5/15 10:59,B02764,236